Workbook

Sheet PAGE DE GARDE 
A1: CANDIDATS NE JUSTIFIANTS PAS DU NOMBRE DE SEMAINES DE PFMP ATTENDU EN FIN DE CYCLE A LA DATE D'ENVOI DU DOSSIER
A3: Nom établissement - Ville
A5: Scanner et déposer les demandes de dérogation dans le dossier dérogation sur nuage
A6: N° Candidat | B6: Nom | C6: Prénom | D6: NB de semaine effectuées | E6: Bac 2 ans ou 3 ans | F6: Demande de dérogation jointe | G6: Observations

Sheet MODELE 
A1: BACCALAUREAT PROFESSIONNEL METIERS DE LA SECURITE
A3: ACADEMIE | D3: Session | E3: 2026
A4: ATTESTATION RECAPITULATIVE PFMP
A5: ETABLISSEMENT | D5: NOM ET PRENOM DU CANDIDAT
A6: Lycée XXXXXXX PARIS | D6: XXXXXXXXXXXXX | E6: YYYYYYYYYY | G6: ! POUR LES CANDIDATS APPRENTIS : NOTER UNIQUEMENT LA OU LES DATE(s) DE CONTRAT LE CANDIDAT DOIT ETRE SOUS STATUT D'APPRENTI LORS DU DEROULEMENT DES EPREUVES CERTIFICATIVES
A7: Visa établissement (en cochant cette case, l'attestation est reconnue être visée par le chef d'établissement ) | B7: X | C7: Durée du cycle du candidat | D7: N° CANDIDAT
C8: 3 ans | D8: 123456789
C9: Dérogation
C10: OUI
C11: En cochant cette cas, l'établissement atteste avoir déposer la demande de dérogation: X
A12: Date début PFMP | B12: Date fin PFMP | C12: Entreprise d'accueil, nom et adresse | D12: Durée effective de présence de l'élève en jours (1 semaine = 5 jours) | E12: TOTAL EN JOURS SUR LE CYCLE | I12: Statut s'apprenti pour l'ensemble du cycle de formation: justifier les dates renseignées par la production du ou des contrats d'apprentissage Statut mixte: dates de PFMP validées et fourniture du ou des contrats d'apprentissage
A13: 45201 | B13: 45206 | C13: CRF PARIS | D13: 3 | E13: =SUM(D13:D181) -> 38
D14: 15
D15: 20
E18: TOTAL EN SEMAINE SUR LE CYCLE
E19: =E13/5 -> 7.6

Sheet synthese 
B1: NUMERO CANDIDAT | C1: NOM CANDIDAT | D1: PRENOM CANDIDAT | E1: duree PFMP
A2: 1 | E2: ='ELEVE 1'!E19 -> 0 | G2: reporter le numero candidat, nom et prénom des élèves de votre classe par ordre alphabétique
A3: 2 | E3: ='ELEVE 2'!E19 -> 0
A4: 3 | E4: ='ELEVE 3'!E19 -> 0
A5: 4 | E5: ='ELEVE 4'!E19 -> 0 | G5: la durée PFMP se reporte automatiquement , vous pourrez copier/coller la durée de PFMP pour les reporter dans le fichier de synthèse classe.
A6: 5 | E6: ='ELEVE 5'!E19 -> 0
A7: 6 | E7: ='ELEVE 6'!E19 -> 0
A8: 7 | E8: ='ELEVE 7'!E19 -> 0
A9: 8 | E9: ='ELEVE 8'!E19 -> 0
A10: 9 | E10: ='ELEVE 9'!E19 -> 0
A11: 10 | E11: ='ELEVE 10'!E19 -> 0
A12: 11 | E12: ='ELEVE 11'!E19 -> 0
A13: 12 | E13: ='ELEVE 12'!E19 -> 0 | G13: Point d'attention:Tuto Copier/coller: Selectionner la colonne D (durée PFMP) Cliquer droit: copier ouvrir le dossier de synthèse se positionner sur la case I9 Cliquer droit: coller valeur
A14: 13 | E14: ='ELEVE 13'!E19 -> 0
A15: 14 | E15: ='ELEVE 14'!E19 -> 0
A16: 15 | E16: ='ELEVE 15'!E19 -> 0
A17: 16 | E17: ='ELEVE 16'!E19 -> 0
A18: 17 | E18: ='ELEVE 17'!E19 -> 0
A19: 18 | E19: ='ELEVE 18'!E19 -> 0
A20: 19 | E20: ='ELEVE 19'!E19 -> 0
A21: 20 | E21: ='ELEVE 20'!E19 -> 0
A22: 21 | E22: ='ELEVE 21'!E19 -> 0
A23: 22 | E23: ='ELEVE 22'!E19 -> 0
A24: 23 | E24: ='ELEVE 23'!E19 -> 0
A25: 24 | E25: ='ELEVE 24'!E19 -> 0
A26: 25 | E26: ='ELEVE 25'!E19 -> 0
A27: 26 | E27: ='ELEVE 26'!E19 -> 0
A28: 27 | E28: ='ELEVE 27'!E19 -> 0
A29: 28 | E29: ='ELEVE 28'!E19 -> 0
A30: 29 | E30: ='ELEVE 29'!E19 -> 0
A31: 30 | E31: ='ELEVE 30'!E19 -> 0

Sheet ELEVE 1
A1: BACCALAUREAT PROFESSIONNEL METIERS DE LA SECURITE
A3: ACADEMIE | D3: Session | E3: 2026
A4: ATTESTATION RECAPITULATIVE PFMP
A5: ETABLISSEMENT | D5: NOM ET PRENOM DU CANDIDAT
D6: ='synthese '!C2 -> 0 | E6: ='synthese '!D2 -> 0
A7: Visa établissement (en apposant une croix à droite de cette case, l'attestation est reconnue être visée par le chef d'établissement ) | C7: Durée du cycle du candidat | D7: N° CANDIDAT
D8: ='synthese '!B2 -> 0
C9: Dérogation
C11: En cochant la case ci-dessus, l'établissement atteste avoir déposer la demande de dérogation:
A12: Date début PFMP/contrat | B12: Date fin PFMP/contrat | C12: Entreprise d'accueil, nom et adresse | D12: Durée effective de présence de l'élève en jours (1 semaine = 5 jours) | E12: TOTAL EN JOURS SUR LE CYCLE
E13: =SUM(D13:D181) -> 0
E18: TOTAL EN SEMAINES SUR LE CYCLE
E19: =E13/5 -> 0

Sheet ELEVE 2
A1: BACCALAUREAT PROFESSIONNEL METIERS DE LA SECURITE
A3: ACADEMIE | B3: ='ELEVE 1'!B3 -> 0 | D3: Session | E3: 2026
A4: ATTESTATION RECAPITULATIVE PFMP
A5: ETABLISSEMENT | D5: NOM ET PRENOM DU CANDIDAT
A6: ='ELEVE 1'!A6 -> 0 | D6: ='synthese '!C3 -> 0 | E6: ='synthese '!D3 -> 0
A7: Visa établissement (en apposant une croix à droite de cette case, l'attestation est reconnue être visée par le chef d'établissement ) | C7: Durée du cycle du candidat | D7: N° CANDIDAT
D8: ='synthese '!B3 -> 0
C9: Dérogation
C11: En cochant la case ci-dessus, l'établissement atteste avoir déposer la demande de dérogation:
A12: Date début PFMP/contrat | B12: Date fin PFMP/contrat | C12: Entreprise d'accueil, nom et adresse | D12: Durée effective de présence de l'élève en jours (1 semaine = 5 jours) | E12: TOTAL EN JOURS SUR LE CYCLE
E13: =SUM(D13:D181) -> 0
E18: TOTAL EN SEMAINES SUR LE CYCLE
E19: =E13/5 -> 0

Sheet ELEVE 3
A1: BACCALAUREAT PROFESSIONNEL METIERS DE LA SECURITE
A3: ACADEMIE | B3: ='ELEVE 1'!B3 -> 0 | D3: Session | E3: 2026
A4: ATTESTATION RECAPITULATIVE PFMP
A5: ETABLISSEMENT | D5: NOM ET PRENOM DU CANDIDAT
A6: ='ELEVE 1'!A6 -> 0 | D6: ='synthese '!C4 -> 0 | E6: ='synthese '!D4 -> 0
A7: Visa établissement (en apposant une croix à droite de cette case, l'attestation est reconnue être visée par le chef d'établissement ) | C7: Durée du cycle du candidat | D7: N° CANDIDAT
D8: ='synthese '!B4 -> 0
C9: Dérogation
C11: En cochant la case ci-dessus, l'établissement atteste avoir déposer la demande de dérogation:
A12: Date début PFMP/contrat | B12: Date fin PFMP/contrat | C12: Entreprise d'accueil, nom et adresse | D12: Durée effective de présence de l'élève en jours (1 semaine = 5 jours) | E12: TOTAL EN JOURS SUR LE CYCLE
E13: =SUM(D13:D181) -> 0
E18: TOTAL EN SEMAINES SUR LE CYCLE
E19: =E13/5 -> 0

Sheet ELEVE 4
A1: BACCALAUREAT PROFESSIONNEL METIERS DE LA SECURITE
A3: ACADEMIE | B3: ='ELEVE 1'!B3 -> 0 | D3: Session | E3: 2026
A4: ATTESTATION RECAPITULATIVE PFMP
A5: ETABLISSEMENT | D5: NOM ET PRENOM DU CANDIDAT
A6: ='ELEVE 1'!A6 -> 0 | D6: ='synthese '!C5 -> 0 | E6: ='synthese '!D5 -> 0
A7: Visa établissement (en apposant une croix à droite de cette case, l'attestation est reconnue être visée par le chef d'établissement ) | C7: Durée du cycle du candidat | D7: N° CANDIDAT
D8: ='synthese '!B5 -> 0
C9: Dérogation
C11: En cochant la case ci-dessus, l'établissement atteste avoir déposer la demande de dérogation:
A12: Date début PFMP/contrat | B12: Date fin PFMP/contrat | C12: Entreprise d'accueil, nom et adresse | D12: Durée effective de présence de l'élève en jours (1 semaine = 5 jours) | E12: TOTAL EN JOURS SUR LE CYCLE
E13: =SUM(D13:D181) -> 0
E18: TOTAL EN SEMAINES SUR LE CYCLE
E19: =E13/5 -> 0

Sheet ELEVE 5
A1: BACCALAUREAT PROFESSIONNEL METIERS DE LA SECURITE
A3: ACADEMIE | B3: ='ELEVE 1'!B3 -> 0 | D3: Session | E3: 2026
A4: ATTESTATION RECAPITULATIVE PFMP
A5: ETABLISSEMENT | D5: NOM ET PRENOM DU CANDIDAT
A6: ='ELEVE 1'!A6 -> 0 | D6: ='synthese '!C6 -> 0 | E6: ='synthese '!D6 -> 0
A7: Visa établissement (en apposant une croix à droite de cette case, l'attestation est reconnue être visée par le chef d'établissement ) | C7: Durée du cycle du candidat | D7: N° CANDIDAT
D8: ='synthese '!B6 -> 0
C9: Dérogation
C11: En cochant la case ci-dessus, l'établissement atteste avoir déposer la demande de dérogation:
A12: Date début PFMP/contrat | B12: Date fin PFMP/contrat | C12: Entreprise d'accueil, nom et adresse | D12: Durée effective de présence de l'élève en jours (1 semaine = 5 jours) | E12: TOTAL EN JOURS SUR LE CYCLE
E13: =SUM(D13:D181) -> 0
E18: TOTAL EN SEMAINES SUR LE CYCLE
E19: =E13/5 -> 0

Sheet ELEVE 6
A1: BACCALAUREAT PROFESSIONNEL METIERS DE LA SECURITE
A3: ACADEMIE | B3: ='ELEVE 1'!B3 -> 0 | D3: Session | E3: 2026
A4: ATTESTATION RECAPITULATIVE PFMP
A5: ETABLISSEMENT | D5: NOM ET PRENOM DU CANDIDAT
A6: ='ELEVE 1'!A6 -> 0 | D6: ='synthese '!C7 -> 0 | E6: ='synthese '!D7 -> 0
A7: Visa établissement (en apposant une croix à droite de cette case, l'attestation est reconnue être visée par le chef d'établissement ) | C7: Durée du cycle du candidat | D7: N° CANDIDAT
D8: ='synthese '!B7 -> 0
C9: Dérogation
C11: En cochant la case ci-dessus, l'établissement atteste avoir déposer la demande de dérogation:
A12: Date début PFMP/contrat | B12: Date fin PFMP/contrat | C12: Entreprise d'accueil, nom et adresse | D12: Durée effective de présence de l'élève en jours (1 semaine = 5 jours) | E12: TOTAL EN JOURS SUR LE CYCLE
E13: =SUM(D13:D181) -> 0
E18: TOTAL EN SEMAINES SUR LE CYCLE
E19: =E13/5 -> 0

Sheet ELEVE 7
A1: BACCALAUREAT PROFESSIONNEL METIERS DE LA SECURITE
A3: ACADEMIE | B3: ='ELEVE 1'!B3 -> 0 | D3: Session | E3: 2026
A4: ATTESTATION RECAPITULATIVE PFMP
A5: ETABLISSEMENT | D5: NOM ET PRENOM DU CANDIDAT
A6: ='ELEVE 1'!A6 -> 0 | D6: ='synthese '!C8 -> 0 | E6: ='synthese '!D8 -> 0
A7: Visa établissement (en apposant une croix à droite de cette case, l'attestation est reconnue être visée par le chef d'établissement ) | C7: Durée du cycle du candidat | D7: N° CANDIDAT
D8: ='synthese '!B8 -> 0
C9: Dérogation
C11: En cochant la case ci-dessus, l'établissement atteste avoir déposer la demande de dérogation:
A12: Date début PFMP/contrat | B12: Date fin PFMP/contrat | C12: Entreprise d'accueil, nom et adresse | D12: Durée effective de présence de l'élève en jours (1 semaine = 5 jours) | E12: TOTAL EN JOURS SUR LE CYCLE
E13: =SUM(D13:D181) -> 0
E18: TOTAL EN SEMAINES SUR LE CYCLE
E19: =E13/5 -> 0

Sheet ELEVE 8
A1: BACCALAUREAT PROFESSIONNEL METIERS DE LA SECURITE
A3: ACADEMIE | B3: ='ELEVE 1'!B3 -> 0 | D3: Session | E3: 2026
A4: ATTESTATION RECAPITULATIVE PFMP
A5: ETABLISSEMENT | D5: NOM ET PRENOM DU CANDIDAT
A6: ='ELEVE 1'!A6 -> 0 | D6: ='synthese '!C9 -> 0 | E6: ='synthese '!D9 -> 0
A7: Visa établissement (en apposant une croix à droite de cette case, l'attestation est reconnue être visée par le chef d'établissement ) | C7: Durée du cycle du candidat | D7: N° CANDIDAT
D8: ='synthese '!B9 -> 0
C9: Dérogation
C11: En cochant la case ci-dessus, l'établissement atteste avoir déposer la demande de dérogation:
A12: Date début PFMP/contrat | B12: Date fin PFMP/contrat | C12: Entreprise d'accueil, nom et adresse | D12: Durée effective de présence de l'élève en jours (1 semaine = 5 jours) | E12: TOTAL EN JOURS SUR LE CYCLE
E13: =SUM(D13:D181) -> 0
E18: TOTAL EN SEMAINES SUR LE CYCLE
E19: =E13/5 -> 0

Sheet ELEVE 9
A1: BACCALAUREAT PROFESSIONNEL METIERS DE LA SECURITE
A3: ACADEMIE | B3: ='ELEVE 1'!B3 -> 0 | D3: Session | E3: 2026
A4: ATTESTATION RECAPITULATIVE PFMP
A5: ETABLISSEMENT | D5: NOM ET PRENOM DU CANDIDAT
A6: ='ELEVE 1'!A6 -> 0 | D6: ='synthese '!C10 -> 0 | E6: ='synthese '!D10 -> 0
A7: Visa établissement (en apposant une croix à droite de cette case, l'attestation est reconnue être visée par le chef d'établissement ) | C7: Durée du cycle du candidat | D7: N° CANDIDAT
D8: ='synthese '!B10 -> 0
C9: Dérogation
C11: En cochant la case ci-dessus, l'établissement atteste avoir déposer la demande de dérogation:
A12: Date début PFMP/contrat | B12: Date fin PFMP/contrat | C12: Entreprise d'accueil, nom et adresse | D12: Durée effective de présence de l'élève en jours (1 semaine = 5 jours) | E12: TOTAL EN JOURS SUR LE CYCLE
E13: =SUM(D13:D181) -> 0
E18: TOTAL EN SEMAINES SUR LE CYCLE
E19: =E13/5 -> 0

Sheet ELEVE 10
A1: BACCALAUREAT PROFESSIONNEL METIERS DE LA SECURITE
A3: ACADEMIE | B3: ='ELEVE 1'!B3 -> 0 | D3: Session | E3: 2026
A4: ATTESTATION RECAPITULATIVE PFMP
A5: ETABLISSEMENT | D5: NOM ET PRENOM DU CANDIDAT
A6: ='ELEVE 1'!A6 -> 0 | D6: ='synthese '!C11 -> 0 | E6: ='synthese '!D11 -> 0
A7: Visa établissement (en apposant une croix à droite de cette case, l'attestation est reconnue être visée par le chef d'établissement ) | C7: Durée du cycle du candidat | D7: N° CANDIDAT
D8: ='synthese '!B11 -> 0
C9: Dérogation
C11: En cochant la case ci-dessus, l'établissement atteste avoir déposer la demande de dérogation:
A12: Date début PFMP/contrat | B12: Date fin PFMP/contrat | C12: Entreprise d'accueil, nom et adresse | D12: Durée effective de présence de l'élève en jours (1 semaine = 5 jours) | E12: TOTAL EN JOURS SUR LE CYCLE
E13: =SUM(D13:D181) -> 0
E18: TOTAL EN SEMAINES SUR LE CYCLE
E19: =E13/5 -> 0

Sheet ELEVE 11
A1: BACCALAUREAT PROFESSIONNEL METIERS DE LA SECURITE
A3: ACADEMIE | B3: ='ELEVE 1'!B3 -> 0 | D3: Session | E3: 2026
A4: ATTESTATION RECAPITULATIVE PFMP
A5: ETABLISSEMENT | D5: NOM ET PRENOM DU CANDIDAT
A6: ='ELEVE 1'!A6 -> 0 | D6: ='synthese '!C12 -> 0 | E6: ='synthese '!D12 -> 0
A7: Visa établissement (en apposant une croix à droite de cette case, l'attestation est reconnue être visée par le chef d'établissement ) | C7: Durée du cycle du candidat | D7: N° CANDIDAT
D8: ='synthese '!B12 -> 0
C9: Dérogation
C11: En cochant la case ci-dessus, l'établissement atteste avoir déposer la demande de dérogation:
A12: Date début PFMP/contrat | B12: Date fin PFMP/contrat | C12: Entreprise d'accueil, nom et adresse | D12: Durée effective de présence de l'élève en jours (1 semaine = 5 jours) | E12: TOTAL EN JOURS SUR LE CYCLE
E13: =SUM(D13:D181) -> 0
E18: TOTAL EN SEMAINES SUR LE CYCLE
E19: =E13/5 -> 0

Sheet ELEVE 12
A1: BACCALAUREAT PROFESSIONNEL METIERS DE LA SECURITE
A3: ACADEMIE | B3: ='ELEVE 1'!B3 -> 0 | D3: Session | E3: 2026
A4: ATTESTATION RECAPITULATIVE PFMP
A5: ETABLISSEMENT | D5: NOM ET PRENOM DU CANDIDAT
A6: ='ELEVE 1'!A6 -> 0 | D6: ='synthese '!C13 -> 0 | E6: ='synthese '!D13 -> 0
A7: Visa établissement (en apposant une croix à droite de cette case, l'attestation est reconnue être visée par le chef d'établissement ) | C7: Durée du cycle du candidat | D7: N° CANDIDAT
D8: ='synthese '!B13 -> 0
C9: Dérogation
C11: En cochant la case ci-dessus, l'établissement atteste avoir déposer la demande de dérogation:
A12: Date début PFMP/contrat | B12: Date fin PFMP/contrat | C12: Entreprise d'accueil, nom et adresse | D12: Durée effective de présence de l'élève en jours (1 semaine = 5 jours) | E12: TOTAL EN JOURS SUR LE CYCLE
E13: =SUM(D13:D181) -> 0
E18: TOTAL EN SEMAINES SUR LE CYCLE
E19: =E13/5 -> 0

Sheet ELEVE 13
A1: BACCALAUREAT PROFESSIONNEL METIERS DE LA SECURITE
A3: ACADEMIE | B3: ='ELEVE 1'!B3 -> 0 | D3: Session | E3: 2026
A4: ATTESTATION RECAPITULATIVE PFMP
A5: ETABLISSEMENT | D5: NOM ET PRENOM DU CANDIDAT
A6: ='ELEVE 1'!A6 -> 0 | D6: ='synthese '!C14 -> 0 | E6: ='synthese '!D14 -> 0
A7: Visa établissement (en apposant une croix à droite de cette case, l'attestation est reconnue être visée par le chef d'établissement ) | C7: Durée du cycle du candidat | D7: N° CANDIDAT
D8: ='synthese '!B14 -> 0
C9: Dérogation
C11: En cochant la case ci-dessus, l'établissement atteste avoir déposer la demande de dérogation:
A12: Date début PFMP/contrat | B12: Date fin PFMP/contrat | C12: Entreprise d'accueil, nom et adresse | D12: Durée effective de présence de l'élève en jours (1 semaine = 5 jours) | E12: TOTAL EN JOURS SUR LE CYCLE
E13: =SUM(D13:D181) -> 0
E18: TOTAL EN SEMAINES SUR LE CYCLE
E19: =E13/5 -> 0

Sheet ELEVE 14
A1: BACCALAUREAT PROFESSIONNEL METIERS DE LA SECURITE
A3: ACADEMIE | B3: ='ELEVE 1'!B3 -> 0 | D3: Session | E3: 2026
A4: ATTESTATION RECAPITULATIVE PFMP
A5: ETABLISSEMENT | D5: NOM ET PRENOM DU CANDIDAT
A6: ='ELEVE 1'!A6 -> 0 | D6: ='synthese '!C15 -> 0 | E6: ='synthese '!D15 -> 0
A7: Visa établissement (en apposant une croix à droite de cette case, l'attestation est reconnue être visée par le chef d'établissement ) | C7: Durée du cycle du candidat | D7: N° CANDIDAT
D8: ='synthese '!B15 -> 0
C9: Dérogation
C11: En cochant la case ci-dessus, l'établissement atteste avoir déposer la demande de dérogation:
A12: Date début PFMP/contrat | B12: Date fin PFMP/contrat | C12: Entreprise d'accueil, nom et adresse | D12: Durée effective de présence de l'élève en jours (1 semaine = 5 jours) | E12: TOTAL EN JOURS SUR LE CYCLE
E13: =SUM(D13:D181) -> 0
E18: TOTAL EN SEMAINES SUR LE CYCLE
E19: =E13/5 -> 0

Sheet ELEVE 15
A1: BACCALAUREAT PROFESSIONNEL METIERS DE LA SECURITE
A3: ACADEMIE | B3: ='ELEVE 1'!B3 -> 0 | D3: Session | E3: 2026
A4: ATTESTATION RECAPITULATIVE PFMP
A5: ETABLISSEMENT | D5: NOM ET PRENOM DU CANDIDAT
A6: ='ELEVE 1'!A6 -> 0 | D6: ='synthese '!C16 -> 0 | E6: ='synthese '!D16 -> 0
A7: Visa établissement (en apposant une croix à droite de cette case, l'attestation est reconnue être visée par le chef d'établissement ) | C7: Durée du cycle du candidat | D7: N° CANDIDAT
D8: ='synthese '!B16 -> 0
C9: Dérogation
C11: En cochant la case ci-dessus, l'établissement atteste avoir déposer la demande de dérogation:
A12: Date début PFMP/contrat | B12: Date fin PFMP/contrat | C12: Entreprise d'accueil, nom et adresse | D12: Durée effective de présence de l'élève en jours (1 semaine = 5 jours) | E12: TOTAL EN JOURS SUR LE CYCLE
E13: =SUM(D13:D181) -> 0
E18: TOTAL EN SEMAINES SUR LE CYCLE
E19: =E13/5 -> 0

Sheet ELEVE 16
A1: BACCALAUREAT PROFESSIONNEL METIERS DE LA SECURITE
A3: ACADEMIE | B3: ='ELEVE 1'!B3 -> 0 | D3: Session | E3: 2026
A4: ATTESTATION RECAPITULATIVE PFMP
A5: ETABLISSEMENT | D5: NOM ET PRENOM DU CANDIDAT
A6: ='ELEVE 1'!A6 -> 0 | D6: ='synthese '!C17 -> 0 | E6: ='synthese '!D17 -> 0
A7: Visa établissement (en apposant une croix à droite de cette case, l'attestation est reconnue être visée par le chef d'établissement ) | C7: Durée du cycle du candidat | D7: N° CANDIDAT
D8: ='synthese '!B17 -> 0
C9: Dérogation
C11: En cochant la case ci-dessus, l'établissement atteste avoir déposer la demande de dérogation:
A12: Date début PFMP/contrat | B12: Date fin PFMP/contrat | C12: Entreprise d'accueil, nom et adresse | D12: Durée effective de présence de l'élève en jours (1 semaine = 5 jours) | E12: TOTAL EN JOURS SUR LE CYCLE
E13: =SUM(D13:D181) -> 0
E18: TOTAL EN SEMAINES SUR LE CYCLE
E19: =E13/5 -> 0

Sheet ELEVE 17
A1: BACCALAUREAT PROFESSIONNEL METIERS DE LA SECURITE
A3: ACADEMIE | B3: ='ELEVE 1'!B3 -> 0 | D3: Session | E3: 2026
A4: ATTESTATION RECAPITULATIVE PFMP
A5: ETABLISSEMENT | D5: NOM ET PRENOM DU CANDIDAT
A6: ='ELEVE 1'!A6 -> 0 | D6: ='synthese '!C18 -> 0 | E6: ='synthese '!D18 -> 0
A7: Visa établissement (en apposant une croix à droite de cette case, l'attestation est reconnue être visée par le chef d'établissement ) | C7: Durée du cycle du candidat | D7: N° CANDIDAT
D8: ='synthese '!B18 -> 0
C9: Dérogation
C11: En cochant la case ci-dessus, l'établissement atteste avoir déposer la demande de dérogation:
A12: Date début PFMP/contrat | B12: Date fin PFMP/contrat | C12: Entreprise d'accueil, nom et adresse | D12: Durée effective de présence de l'élève en jours (1 semaine = 5 jours) | E12: TOTAL EN JOURS SUR LE CYCLE
E13: =SUM(D13:D181) -> 0
E18: TOTAL EN SEMAINES SUR LE CYCLE
E19: =E13/5 -> 0

Sheet ELEVE 18
A1: BACCALAUREAT PROFESSIONNEL METIERS DE LA SECURITE
A3: ACADEMIE | B3: ='ELEVE 1'!B3 -> 0 | D3: Session | E3: 2026
A4: ATTESTATION RECAPITULATIVE PFMP
A5: ETABLISSEMENT | D5: NOM ET PRENOM DU CANDIDAT
A6: ='ELEVE 1'!A6 -> 0 | D6: ='synthese '!C19 -> 0 | E6: ='synthese '!D19 -> 0
A7: Visa établissement (en apposant une croix à droite de cette case, l'attestation est reconnue être visée par le chef d'établissement ) | C7: Durée du cycle du candidat | D7: N° CANDIDAT
D8: ='synthese '!B19 -> 0
C9: Dérogation
C11: En cochant la case ci-dessus, l'établissement atteste avoir déposer la demande de dérogation:
A12: Date début PFMP/contrat | B12: Date fin PFMP/contrat | C12: Entreprise d'accueil, nom et adresse | D12: Durée effective de présence de l'élève en jours (1 semaine = 5 jours) | E12: TOTAL EN JOURS SUR LE CYCLE
E13: =SUM(D13:D181) -> 0
E18: TOTAL EN SEMAINES SUR LE CYCLE
E19: =E13/5 -> 0

Sheet ELEVE 19
A1: BACCALAUREAT PROFESSIONNEL METIERS DE LA SECURITE
A3: ACADEMIE | B3: ='ELEVE 1'!B3 -> 0 | D3: Session | E3: 2026
A4: ATTESTATION RECAPITULATIVE PFMP
A5: ETABLISSEMENT | D5: NOM ET PRENOM DU CANDIDAT
A6: ='ELEVE 1'!A6 -> 0 | D6: ='synthese '!C20 -> 0 | E6: ='synthese '!D20 -> 0
A7: Visa établissement (en apposant une croix à droite de cette case, l'attestation est reconnue être visée par le chef d'établissement ) | C7: Durée du cycle du candidat | D7: N° CANDIDAT
D8: ='synthese '!B20 -> 0
C9: Dérogation
C11: En cochant la case ci-dessus, l'établissement atteste avoir déposer la demande de dérogation:
A12: Date début PFMP/contrat | B12: Date fin PFMP/contrat | C12: Entreprise d'accueil, nom et adresse | D12: Durée effective de présence de l'élève en jours (1 semaine = 5 jours) | E12: TOTAL EN JOURS SUR LE CYCLE
E13: =SUM(D13:D181) -> 0
E18: TOTAL EN SEMAINES SUR LE CYCLE
E19: =E13/5 -> 0

Sheet ELEVE 20
A1: BACCALAUREAT PROFESSIONNEL METIERS DE LA SECURITE
A3: ACADEMIE | B3: ='ELEVE 1'!B3 -> 0 | D3: Session | E3: 2026
A4: ATTESTATION RECAPITULATIVE PFMP
A5: ETABLISSEMENT | D5: NOM ET PRENOM DU CANDIDAT
A6: ='ELEVE 1'!A6 -> 0 | D6: ='synthese '!C21 -> 0 | E6: ='synthese '!D21 -> 0
A7: Visa établissement (en apposant une croix à droite de cette case, l'attestation est reconnue être visée par le chef d'établissement ) | C7: Durée du cycle du candidat | D7: N° CANDIDAT
D8: ='synthese '!B21 -> 0
C9: Dérogation
C11: En cochant la case ci-dessus, l'établissement atteste avoir déposer la demande de dérogation:
A12: Date début PFMP/contrat | B12: Date fin PFMP/contrat | C12: Entreprise d'accueil, nom et adresse | D12: Durée effective de présence de l'élève en jours (1 semaine = 5 jours) | E12: TOTAL EN JOURS SUR LE CYCLE
E13: =SUM(D13:D181) -> 0
E18: TOTAL EN SEMAINES SUR LE CYCLE
E19: =E13/5 -> 0

Sheet ELEVE 21
A1: BACCALAUREAT PROFESSIONNEL METIERS DE LA SECURITE
A3: ACADEMIE | B3: ='ELEVE 1'!B3 -> 0 | D3: Session | E3: 2026
A4: ATTESTATION RECAPITULATIVE PFMP
A5: ETABLISSEMENT | D5: NOM ET PRENOM DU CANDIDAT
A6: ='ELEVE 1'!A6 -> 0 | D6: ='synthese '!C22 -> 0 | E6: ='synthese '!D22 -> 0
A7: Visa établissement (en apposant une croix à droite de cette case, l'attestation est reconnue être visée par le chef d'établissement ) | C7: Durée du cycle du candidat | D7: N° CANDIDAT
D8: ='synthese '!B22 -> 0
C9: Dérogation
C11: En cochant la case ci-dessus, l'établissement atteste avoir déposer la demande de dérogation:
A12: Date début PFMP/contrat | B12: Date fin PFMP/contrat | C12: Entreprise d'accueil, nom et adresse | D12: Durée effective de présence de l'élève en jours (1 semaine = 5 jours) | E12: TOTAL EN JOURS SUR LE CYCLE
E13: =SUM(D13:D181) -> 0
E18: TOTAL EN SEMAINES SUR LE CYCLE
E19: =E13/5 -> 0

Sheet ELEVE 22
A1: BACCALAUREAT PROFESSIONNEL METIERS DE LA SECURITE
A3: ACADEMIE | B3: ='ELEVE 1'!B3 -> 0 | D3: Session | E3: 2026
A4: ATTESTATION RECAPITULATIVE PFMP
A5: ETABLISSEMENT | D5: NOM ET PRENOM DU CANDIDAT
A6: ='ELEVE 1'!A6 -> 0 | D6: ='synthese '!C23 -> 0 | E6: ='synthese '!D23 -> 0
A7: Visa établissement (en apposant une croix à droite de cette case, l'attestation est reconnue être visée par le chef d'établissement ) | C7: Durée du cycle du candidat | D7: N° CANDIDAT
D8: ='synthese '!B23 -> 0
C9: Dérogation
C11: En cochant la case ci-dessus, l'établissement atteste avoir déposer la demande de dérogation:
A12: Date début PFMP/contrat | B12: Date fin PFMP/contrat | C12: Entreprise d'accueil, nom et adresse | D12: Durée effective de présence de l'élève en jours (1 semaine = 5 jours) | E12: TOTAL EN JOURS SUR LE CYCLE
E13: =SUM(D13:D181) -> 0
E18: TOTAL EN SEMAINES SUR LE CYCLE
E19: =E13/5 -> 0

Sheet ELEVE 23
A1: BACCALAUREAT PROFESSIONNEL METIERS DE LA SECURITE
A3: ACADEMIE | B3: ='ELEVE 1'!B3 -> 0 | D3: Session | E3: 2026
A4: ATTESTATION RECAPITULATIVE PFMP
A5: ETABLISSEMENT | D5: NOM ET PRENOM DU CANDIDAT
A6: ='ELEVE 1'!A6 -> 0 | D6: ='synthese '!C24 -> 0 | E6: ='synthese '!D24 -> 0
A7: Visa établissement (en apposant une croix à droite de cette case, l'attestation est reconnue être visée par le chef d'établissement ) | C7: Durée du cycle du candidat | D7: N° CANDIDAT
D8: ='synthese '!B24 -> 0
C9: Dérogation
C11: En cochant la case ci-dessus, l'établissement atteste avoir déposer la demande de dérogation:
A12: Date début PFMP/contrat | B12: Date fin PFMP/contrat | C12: Entreprise d'accueil, nom et adresse | D12: Durée effective de présence de l'élève en jours (1 semaine = 5 jours) | E12: TOTAL EN JOURS SUR LE CYCLE
E13: =SUM(D13:D181) -> 0
E18: TOTAL EN SEMAINES SUR LE CYCLE
E19: =E13/5 -> 0

Sheet ELEVE 24
A1: BACCALAUREAT PROFESSIONNEL METIERS DE LA SECURITE
A3: ACADEMIE | B3: ='ELEVE 1'!B3 -> 0 | D3: Session | E3: 2026
A4: ATTESTATION RECAPITULATIVE PFMP
A5: ETABLISSEMENT | D5: NOM ET PRENOM DU CANDIDAT
A6: ='ELEVE 1'!A6 -> 0 | D6: ='synthese '!C25 -> 0 | E6: ='synthese '!D25 -> 0
A7: Visa établissement (en apposant une croix à droite de cette case, l'attestation est reconnue être visée par le chef d'établissement ) | C7: Durée du cycle du candidat | D7: N° CANDIDAT
D8: ='synthese '!B25 -> 0
C9: Dérogation
C11: En cochant la case ci-dessus, l'établissement atteste avoir déposer la demande de dérogation:
A12: Date début PFMP/contrat | B12: Date fin PFMP/contrat | C12: Entreprise d'accueil, nom et adresse | D12: Durée effective de présence de l'élève en jours (1 semaine = 5 jours) | E12: TOTAL EN JOURS SUR LE CYCLE
E13: =SUM(D13:D181) -> 0
E18: TOTAL EN SEMAINES SUR LE CYCLE
E19: =E13/5 -> 0

Sheet ELEVE 25
A1: BACCALAUREAT PROFESSIONNEL METIERS DE LA SECURITE
A3: ACADEMIE | B3: ='ELEVE 1'!B3 -> 0 | D3: Session | E3: 2026
A4: ATTESTATION RECAPITULATIVE PFMP
A5: ETABLISSEMENT | D5: NOM ET PRENOM DU CANDIDAT
A6: ='ELEVE 1'!A6 -> 0 | D6: ='synthese '!C26 -> 0 | E6: ='synthese '!D26 -> 0
A7: Visa établissement (en apposant une croix à droite de cette case, l'attestation est reconnue être visée par le chef d'établissement ) | C7: Durée du cycle du candidat | D7: N° CANDIDAT
D8: ='synthese '!B26 -> 0
C9: Dérogation
C11: En cochant la case ci-dessus, l'établissement atteste avoir déposer la demande de dérogation:
A12: Date début PFMP/contrat | B12: Date fin PFMP/contrat | C12: Entreprise d'accueil, nom et adresse | D12: Durée effective de présence de l'élève en jours (1 semaine = 5 jours) | E12: TOTAL EN JOURS SUR LE CYCLE
E13: =SUM(D13:D181) -> 0
E18: TOTAL EN SEMAINES SUR LE CYCLE
E19: =E13/5 -> 0

Sheet ELEVE 26
A1: BACCALAUREAT PROFESSIONNEL METIERS DE LA SECURITE
A3: ACADEMIE | B3: ='ELEVE 1'!B3 -> 0 | D3: Session | E3: 2026
A4: ATTESTATION RECAPITULATIVE PFMP
A5: ETABLISSEMENT | D5: NOM ET PRENOM DU CANDIDAT
A6: ='ELEVE 1'!A6 -> 0 | D6: ='synthese '!C27 -> 0 | E6: ='synthese '!D27 -> 0
A7: Visa établissement (en apposant une croix à droite de cette case, l'attestation est reconnue être visée par le chef d'établissement ) | C7: Durée du cycle du candidat | D7: N° CANDIDAT
D8: ='synthese '!B27 -> 0
C9: Dérogation
C11: En cochant la case ci-dessus, l'établissement atteste avoir déposer la demande de dérogation:
A12: Date début PFMP/contrat | B12: Date fin PFMP/contrat | C12: Entreprise d'accueil, nom et adresse | D12: Durée effective de présence de l'élève en jours (1 semaine = 5 jours) | E12: TOTAL EN JOURS SUR LE CYCLE
E13: =SUM(D13:D181) -> 0
E18: TOTAL EN SEMAINES SUR LE CYCLE
E19: =E13/5 -> 0

Sheet ELEVE 27
A1: BACCALAUREAT PROFESSIONNEL METIERS DE LA SECURITE
A3: ACADEMIE | B3: ='ELEVE 1'!B3 -> 0 | D3: Session | E3: 2026
A4: ATTESTATION RECAPITULATIVE PFMP
A5: ETABLISSEMENT | D5: NOM ET PRENOM DU CANDIDAT
A6: ='ELEVE 1'!A6 -> 0 | D6: ='synthese '!C28 -> 0 | E6: ='synthese '!D28 -> 0
A7: Visa établissement (en apposant une croix à droite de cette case, l'attestation est reconnue être visée par le chef d'établissement ) | C7: Durée du cycle du candidat | D7: N° CANDIDAT
D8: ='synthese '!B28 -> 0
C9: Dérogation
C11: En cochant la case ci-dessus, l'établissement atteste avoir déposer la demande de dérogation:
A12: Date début PFMP/contrat | B12: Date fin PFMP/contrat | C12: Entreprise d'accueil, nom et adresse | D12: Durée effective de présence de l'élève en jours (1 semaine = 5 jours) | E12: TOTAL EN JOURS SUR LE CYCLE
E13: =SUM(D13:D181) -> 0
E18: TOTAL EN SEMAINES SUR LE CYCLE
E19: =E13/5 -> 0

Sheet ELEVE 28
A1: BACCALAUREAT PROFESSIONNEL METIERS DE LA SECURITE
A3: ACADEMIE | B3: ='ELEVE 1'!B3 -> 0 | D3: Session | E3: 2026
A4: ATTESTATION RECAPITULATIVE PFMP
A5: ETABLISSEMENT | D5: NOM ET PRENOM DU CANDIDAT
A6: ='ELEVE 1'!A6 -> 0 | D6: ='synthese '!C29 -> 0 | E6: ='synthese '!D29 -> 0
A7: Visa établissement (en apposant une croix à droite de cette case, l'attestation est reconnue être visée par le chef d'établissement ) | C7: Durée du cycle du candidat | D7: N° CANDIDAT
D8: ='synthese '!B29 -> 0
C9: Dérogation
C11: En cochant la case ci-dessus, l'établissement atteste avoir déposer la demande de dérogation:
A12: Date début PFMP/contrat | B12: Date fin PFMP/contrat | C12: Entreprise d'accueil, nom et adresse | D12: Durée effective de présence de l'élève en jours (1 semaine = 5 jours) | E12: TOTAL EN JOURS SUR LE CYCLE
E13: =SUM(D13:D181) -> 0
E18: TOTAL EN SEMAINES SUR LE CYCLE
E19: =E13/5 -> 0

Sheet ELEVE 29
A1: BACCALAUREAT PROFESSIONNEL METIERS DE LA SECURITE
A3: ACADEMIE | B3: ='ELEVE 1'!B3 -> 0 | D3: Session | E3: 2026
A4: ATTESTATION RECAPITULATIVE PFMP
A5: ETABLISSEMENT | D5: NOM ET PRENOM DU CANDIDAT
A6: ='ELEVE 1'!A6 -> 0 | D6: ='synthese '!C30 -> 0 | E6: ='synthese '!D30 -> 0
A7: Visa établissement (en apposant une croix à droite de cette case, l'attestation est reconnue être visée par le chef d'établissement ) | C7: Durée du cycle du candidat | D7: N° CANDIDAT
D8: ='synthese '!B30 -> 0
C9: Dérogation
C11: En cochant la case ci-dessus, l'établissement atteste avoir déposer la demande de dérogation:
A12: Date début PFMP/contrat | B12: Date fin PFMP/contrat | C12: Entreprise d'accueil, nom et adresse | D12: Durée effective de présence de l'élève en jours (1 semaine = 5 jours) | E12: TOTAL EN JOURS SUR LE CYCLE
E13: =SUM(D13:D181) -> 0
E18: TOTAL EN SEMAINES SUR LE CYCLE
E19: =E13/5 -> 0

Sheet ELEVE 30
A1: BACCALAUREAT PROFESSIONNEL METIERS DE LA SECURITE
A3: ACADEMIE | B3: ='ELEVE 1'!B3 -> 0 | D3: Session | E3: 2026
A4: ATTESTATION RECAPITULATIVE PFMP
A5: ETABLISSEMENT | D5: NOM ET PRENOM DU CANDIDAT
A6: ='ELEVE 1'!A6 -> 0 | D6: ='synthese '!C31 -> 0 | E6: ='synthese '!D31 -> 0
A7: Visa établissement (en apposant une croix à droite de cette case, l'attestation est reconnue être visée par le chef d'établissement ) | C7: Durée du cycle du candidat | D7: N° CANDIDAT
D8: ='synthese '!B31 -> 0
C9: Dérogation
C11: En cochant la case ci-dessus, l'établissement atteste avoir déposer la demande de dérogation:
A12: Date début PFMP/contrat | B12: Date fin PFMP/contrat | C12: Entreprise d'accueil, nom et adresse | D12: Durée effective de présence de l'élève en jours (1 semaine = 5 jours) | E12: TOTAL EN JOURS SUR LE CYCLE
E13: =SUM(D13:D181) -> 0
E18: TOTAL EN SEMAINES SUR LE CYCLE
E19: =E13/5 -> 0
